{"cameraMode":{"drawMode":0,"name":"Shaded","section":"Shading Mode"},"sceneLighting":true,"audioPlay":false,"sceneViewState":{"m_AlwaysRefresh":false,"showFog":true,"showSkybox":true,"showFlares":true,"showImageEffects":true,"showParticleSystems":true,"showVisualEffectGraphs":true,"m_FxEnabled":true},"in2DMode":false,"pivot":{"x":0.8051371574401856,"y":1.035804271697998,"z":-3.4073545932769777},"rotation":{"x":0.2749466300010681,"y":-0.3985288441181183,"z":0.12656205892562867,"w":0.8657742142677307},"size":2.0412235260009767,"orthographic":false}